,name,acc_mean,acc_std,prec_macro_mean,prec_macro_std,best_f1_macro_mean,best_f1_macro_std,last_f1_macro_mean,last_f1_macro_std
3,hl300x2,0.5392649888992309,0.014751006297131263,0.540554726548075,0.015301546436424233,0.522504156222257,0.013446441599216923,0.5134329855472453,0.01532773968411472
2,hl300x3,0.5450676918029785,0.010900577256041556,0.5542310637388846,0.019215636618178406,0.5110595652773704,0.014263617678426266,0.49899062293492946,0.014581619438672469
4,cl16_32_64,0.5353965163230896,0.0108317115477198,0.5369601769802513,0.01669710348790541,0.5066380849614363,0.011692421251363876,0.5024565643008856,0.010623127569536742
0,hl300x2_100x2_50x2,0.5102514564990998,0.03366682561746011,0.5664975639155356,0.045067466720716994,0.4907642243310938,0.01712014697426254,0.4647683795925241,0.03168197131606369
1,hl100x4,0.5176015496253967,0.006309289589839389,0.5467079779905643,0.021413543420344655,0.4882598823762179,0.01207629544267164,0.4788417079017339,0.018194395703127055
